name,artist,duration_ms
Кто кого? (Харон),Noize MC,117206
"Камера, мотор! (Аид, Фортуна, Орфей)",Noize MC,237500
Орфей vs. Прометей,Noize MC,210000
Wrong Side of Heaven,Five Finger Death Punch,271000
Libre,Alvaro Soler,230986
Die for Metal,Manowar,317106
Искупление Огнем,RADIO TAPOK,265400
I Want to Live,Borislav Slavov,233281
Weeping Dawn,Borislav Slavov,167936
Down by the River,Borislav Slavov,140006
Wonder Woman's Wrath,Rupert Gregson-Williams,246480
Охота на лисицу,Green Apelsin,192380
You Could Be Mine,Guns N' Roses,343640
Кабанчик,В'ячеслав Кукоба,200386
Пуля,Екатерина Яшникова,206451
"Поцелуй меня, я - ирландец (feat. В. Кристовский)",Немного Нервно,171597
Сталкеры,Блуждающие Огни,203127
DJ Vasile,Zdob si Zdub,216346
Инсомния,"Goddamn, JOHAN",220095
Воды Рейна,Земля Легенд,168885
Reverie,Polyphia,242693
アスモデウス・アリス,Various Artists,91733
Лорелей,Сны Саламандры,210376
Круговерть,Woodscream,235800
Уходим к звёздам!,Plamenev,229923
Белоголовый ведьмак,Wallace Band,193044
All We Are,Doro,177613
Enemy (with JID) - from the series Arcane League of Legends,Imagine Dragons,173381
По течению,ИГРА МИРОВ,260000
Рок,ИГРА МИРОВ,320000
Ирландский паб,Wallace Band,156630
Дикая Охота,Канцлер ГИ,192235
Hero,Loda,177087
Islander,Derina Harvey Band,193173
Got It Made,Theory of a Deadman,194666
Kickin It In Tennessee,SMO,268957
Lucid Serpent Dreams,Ruzer,151400
BURN,DJariium,173313
Douche Bag,Limp Bizkit,222186
Drag Me to Hell,Lord Of The Lost,237306
Santa Monica,Theory of a Deadman,246546
Almost Over,Limp Bizkit,278000
Centuries,Fall Out Boy,228360
Tsunami - Radio Edit,"DVBBS, Borgeous",186352
Ezio's Family,"Jesper Kyd, Assassin's Creed",237900
Transcarpathian,Spiritual Seasons,156556
Have A Nice Day,Bon Jovi,229106
Чёрный Джек,Дом Ветров,205687
Say Goodbye,Theory of a Deadman,184893
Ночь серебряной луны,Марлины,192000
I Was Made For Lovin' You,KISS,271240
Lambé An Dro,Bodh’aktan,201800
Геймер,Plamenev,232440
The Banjo Beat,HAYASA G,102000
Snake Eyes,Feint,264834
Полярный лис,Канцлер ГИ,154911
Mébh's Tune,"Bruno Coulais, Kíla, AURORA",184773
Courtesy Call,Thousand Foot Krutch,236898
Чёрная магия,Bagira,202874
Bad Man,Disturbed,202379
Americana,The Offspring,195160
Second Chance,Shinedown,222066
Hated You from Hello,Downplay,169786
Staring At The Sun,The Offspring,133586
Evolve / Become,Sacred Mother Tongue,232107
うっせぇわ - Giga Remix,Ado,190344
Turn Back,Prozak,217600
In My Mind,"Dynoro, Gigi D'Agostino",184560
Old Town Road,Lil Nas X,113000
Invisible Man,Theory of a Deadman,161893
Diggy Diggy Hole,Wind Rose,315986
Bottoms Up,Nickelback,217426
Welcome To The Jungle,Guns N' Roses,273480
Bones,Imagine Dragons,165264
You Spin Me Round (Like A Record),Dope,163666
Living After Midnight,Judas Priest,210133
Стены Цитадели,Fun Mode,205714
Ваша Честь,Йовин,95059
Rockstar,Blue Stahli,225800
Огонь,Дом Ветров,235636
So What,P!nk,215160
Make Me Wanna Die,The Pretty Reckless,235653
Fallback,GOMAD! & MONSTER,201146
Bully,Shinedown,242746
Holiday / Boulevard of Broken Dreams,Green Day,493400
Savages (feat. Alice Cooper),Theory of a Deadman,213213
Legion of Monsters,Disturbed,263640
Lil Bit,"Nelly, Florida Georgia Line",195962
Бессонница,Дом Ветров,374464
Fight Like the Devil,Onlap,254169
Born This Way,Thousand Foot Krutch,205978
Warbringer,"TheFatRat, Everen Maxwell",219000
Everybody Loves Me,OneRepublic,214400
What Goes Around...Comes Around - Radio Edit,Justin Timberlake,313133
EVIL DOESN'T SLUMBER,"HENSEI, TREMXRSENSE.",126433
Misery of Mankind,Theory of a Deadman,203546
Adelante - Anton Lacosta Remix,Otilia,187215
Le loup le renard et la belette,Kate Mcmayland and Her Orchestra,160426
My Town,Demun Jones,196488
Iron Man,Black Sabbath,354773
Rockhill,Beltaine,202657
Rasputin,Turisas,233520
Sound of Madness,Shinedown,233986
Earthquake,Family Force 5,185933
Flatliner (feat. Dierks Bentley),Cole Swindell,177066
Dem Na Like Me,The Qemists,277040
Innervision,System Of A Down,153773
Monody - Radio Edit,TheFatRat,252213
We Got It Going On,Bon Jovi,253480
Le Deux,Hollywood Undead,224973
"Dance, Dance",Fall Out Boy,180266
T.N.T.,AC/DC's Greatest Tribute Band,216500
Balader,Sexion d'Assaut,246520
Shake It Off,Taylor Swift,219200
Innocence,Disturbed,271280
"Better Hide, Better Run (feat. Mark Johns)",The Glitch Mob,253306
Senpai (feat. Hentai Dude),Shiki-TMNS,172564
Sharp Dressed Man,ZZ Top,251946
One Punch Man: Theme Song: The Hero!!,Geek Music,223500
Techno Syndrome,Niall Stenson,157152
Shake That,Eminem,274440
The Temple Of The King,Rainbow,282013
American Ride,Toby Keith,165693
How You Remind Me,Nickelback,223840
Tremor - Sensation 2014 Anthem,"Dimitri Vegas, Martin Garrix, Like Mike",294374
Love Bites (So Do I),Halestorm,191333
Bad Trip,Asper X,215117
Проклятие русалки,Green Apelsin,222435
Ievan Polkka,Korpiklaani,188400
Samedy,"Канцлер ГИ, Bregan D'Ert",153673
Freakshow,Skillet,278800
Gunfight,Sick Puppies,175720
Мизантроп-рэп,Noize MC,176666
Decadence,Disturbed,204786
Welcome to the Family,Avenged Sevenfold,245573
Everyday,Bon Jovi,179920
Hungarian,Gilead,224466
The Chain,Taking Dawn,261253
Enough,Disturbed,259946
Toss a Coin to Your Witcher,Alexander Shalyapin,180571
It's Dangerous to Go Alone,Starbomb,161436
Камень,Андрей Лефлер,215799
Na Na Na (Na Na Na Na Na Na Na Na Na) - Single Version,My Chemical Romance,203426
No Way Out,Theory of a Deadman,209000
Awake and Alive,Skillet,209493
Ieva'S Polka,Korpiklaani,188360
Feed the Machine,Nickelback,302135
Wanted Dead Or Alive,Bon Jovi,308666
Believer,Imagine Dragons,204346
Я так боюсь... - Песня оборотня,Марлины,227491
Just Lose It,Eminem,248680
You Give Love A Bad Name,Bon Jovi,222706
Higher,The Score,214613
Why Don't You Get A Job,The Offspring,172466
Mr. Toot,Ylvis,171933
"Die, Die My Darling",Metallica,146560
Dragon Age Origins,EA Games Soundtrack,169053
Лига легенд,Noize MC,218482
Next Go Round,Nickelback,223893
Сокрушить Великих!,Plamenev,289142
I'm Back,Dope,205426
Riot Maker,Tech N9ne,331480
Smoke Banshee,Clutch,211493
Инструктор из НАТО,Neverlove,157278
За гранью,Louna,233446
Love Me Or Hate Me,Various Artists,210413
Волкодав,Мельница,301173
"Юра, прости",The Starkillers,198596
Give It To Me,Timbaland,234026
Hungarian,Spiritual Seasons,164815
Head Bangeeeeerrrrr!!!!!,BABYMETAL,242880
Legends Are Made,Sam Tinnesz,169758
Yahata,HEADLINK,160961
I'm a Hurricane,Wellmess,204597
Panic Room,Theory of a Deadman,194160
Up In The Air,Thirty Seconds To Mars,275786
Dani California,Red Hot Chili Peppers,282160
Living Dead Girl,Rob Zombie,201400
Play with Fire,WAR*HALL,211402
Skudrinka,Gilead,235262
"Erza's Theme - From ""Fairy Tail""",Gabriele Motta,175890
Про Приста,Fun Mode,278666
Bad Guy,Ankor,194055
Infinite Power,TheFatRat,208787
Prisoner,NEEDTOBREATHE,195226
Make Some Noize - Single Edit,Noize MC,213287
Omen,The Prodigy,216026
Listen Friend,Above Only,272281
Хакну,Александр Пушной,141314
Let the Sparks Fly,Thousand Foot Krutch,246131
My Town,Hollywood Undead,216400
Bites the Dust,Darrell Story,170710
Ma Baker,Knorkator,222226
For Honor,Peyton Parrish,225798
The Sex Is Good - Rock,Saving Abel,215186
Worlds on Fire,Skindred,211402
Me and My Girl,Theory of a Deadman,220440
Death by Rock and Roll,The Pretty Reckless,234476
A Welcome Burden,Disturbed,211786
Superman,Lazlo Bane,225080
The Sex Is Good,Saving Abel,211453
U Can't Touch This,MC Hammer,257359
Iron Head,Rob Zombie,251200
Mercy,Adam Jensen,191343
Hiding In The Blue,"TheFatRat, RIELL",221700
Kolybelnaya,Natural Spirit,338146
Duck Tales,Punk Rock Factory,122011
Sakazukigoto,quotam.,187206
The Fields of Ard Skellig,Angèle Macabiès,174782
Change,Black Stone Cherry,183226
Self Esteem,The Offspring,257826
Супер Тамара,ЭЛЕКТРОСЛАБОСТЬ,156000
The Animal,Disturbed,253813
Waves - Robin Schulz Radio Edit,"Mr. Probz, Robin Schulz",208133
Skyrim Theme (Dragonborn),Celtic Woman,191739
Don't Tell Me How To Live,Kid Rock,244080
Forever Shamed,Godsmack,203800
Джекилл и Хайд,Дайте Два,183493
Я - котик,Капитан О'Мар,211991
16 Tons,Tennessee Ernie Ford,155324
Would You Love A Monsterman,Lordi,182160
"Эй, ухнем!",Александр Пушной,258350
Бродяга,Хелависа,174880
G.O.A.T,Theory of a Deadman,248600
Voodoo Child,Tom Morello,312262
Black Jesus,Everlast,281613
Pride & Fear,"TheFatRat, RIELL",166802
Lean On,"Major Lazer, Diplo",176561
Habits (Stay High) - Acoustic,Theory of a Deadman,214385
Getting Along,Royal Republic,137306
Тыщатыщ,Noize MC,211240
The Dawn Will Come,Rachel Hardy,135595
In The Middle,Sugababes,237986
Would You...?,Touch & Go,191066
Make Me Worse,Kings Of The City,206399
Drop You Like,DELAX,134710
Колизей,Aria,373966
Обряд,Мельница,292569
Hard Skool,Guns N' Roses,221892
Move Bitch,Ludacris,270866
Roots,Jay Smith,222000
My Father's Son,Joe Cocker,269773
Vilify,Device,219773
Hell,Disturbed,255133
Grótti,SKÁLD,173066
So Hott,Kid Rock,246640
Край небесных творцов,Вольный Путь,277123
Ladies Come First,Hinder,182146
Assassins Creed 2 - Ezio's Family Theme,Geek Music,232619
Bad Company,Five Finger Death Punch,262440
Война перемен,Everblack Melodies,210000
Rusted From the Rain,Billy Talent,253306
Rise,Skillet,260786
Драгула,RADIO TAPOK,226027
Dum Dee Dum Remix,A.J. Willis,162003
Never Wrong,Disturbed,213053
One Night,Jeris Johnson,163492
One Time,Marian Hill,217613
Fight for All the Wrong Reasons,Nickelback,224280
Hate You,"Jim Yosef, RIELL",197944
Монстр,RADIO TAPOK,181307
Morirò da Re,Måneskin,157880
Tainted Love,Scorpions,207506
The Temple of the King,Various Artists,277053
Ghost Town,"Layto, Neoni",193846
Send Me An Angel,Scorpions,273333
Beautiful Lies - VIP,B-complex,419310
Heaven's On Fire,KISS,201400
Freaks - Radio Edit,Various Artists,169373
Broken Lady,"VØJ, TRVNSPORTER",148593
Everywhere I Go,Hollywood Undead,210466
4 Minutes (feat. Justin Timberlake and Timbaland),Madonna,245080
Golden Empire feat. Zitaa - Original Mix,Apashe,360441
Get Paid,Emphatic,177853
Been To Hell,Hollywood Undead,203160
She Loves Me Not,Papa Roach,209572
Это Пве,Fun Mode,172048
Mad World,Michael Andrews,184813
Кто главный растаман страны?,Марлины,176083
Keep It 100,3FOR3,181781
Sin,Manntra,229573
Everybody Knows,Wild Fire,252625
Have Love Will Travel (feat. Flo Mega),Lefties Soul Connection,188409
Geralt of Rivia,"Sonya Belousova, Giona Ostinelli",112186
Василиск,Марлины,124675
I Do,Chingy,237958
Juke Box Hero / I Love Rock 'n' Roll,Tom Cruise,143266
Everybody Walkin' This Land,Home Free,187371
Word Up - Cameo Cover,"Devil's Train, Mystic Prophecy",199484
Bombs Away,Prozak,189373
Burn It to the Ground,Nickelback,212346
Paranoid,Black Sabbath,168440
Walkers,SPLITBREED,213617
The River,Various Artists,215699
Тризна,HELVEGEN,191454
Rock & Roll Queen - Radio Edit,The Subways,168693
Gotta Get Me Some,Nickelback,221680
Blinding Lights,Saint Asonia,183357
Brain Stew,Green Day,193000
"Nerevar Rising - From ""The Elder Scrolls III: Morrowind""","Jeremy Soule, Czech National Symphony Orchestra, Paul Bateman",91075
W.T.P.,Eminem,238173
Blue On Black,Five Finger Death Punch,274615
Серо-жёлтая весна,Александр Пушной,174434
Shark Attack,Limp Bizkit,206626
"This Ain't A Scene, It's An Arms Race",Fall Out Boy,212040
It’s My Birthday,will.i.am,252613
MONSTERS,Shinedown,248373
Blinding Lights,Punk Rock Factory,181333
War of Change,Thousand Foot Krutch,231665
(Can't Get My) Head Around You,The Offspring,134760
Wild Blood,"Sam Tinnesz, Pep Squad",188573
Hocus Pocus - Original Mix,Marnik,242341
За закрытой дверью,Noize MC,214053
Warriors,Imagine Dragons,171040
The State of Massachusetts (Made Famous by Dropkick Murphys),Celtic Tribute Players,194946
"Young, Wild & Free",Various Artists,207333
Бассейн,Noize MC,216720
Beat the Devil's Tattoo,Black Rebel Motorcycle Club,226760
Surfin' Bird,The Malibus,143400
Savior,Rise Against,242280
Blood // Water - King Kavalier Remix,grandson,179374
Burn MF,Five Finger Death Punch,217847
Невеста Полоза,Мельница,272346
Sun Is up (Play & Win Radio Edit),Various Artists,224531
Age Of The Dragon,Miracle Of Sound,237478
Getting Away With Murder,Papa Roach,191372
Drawn in Blood,Guardians Of Time,202533
Walk Man,Tiny Meat Gang,165937
For Whom the Bell Tolls - Metallica Cover,Sabaton,322896
Misery,Eva Under Fire,221249
Fukurou,Myun,288934
Girls Along the Road,Fiddler's Green,219000
Lost Chapter,Pentakill,229333
23,Mike WiLL Made-It,252520
Fairy Tail - Overture - Main Theme,Geek Music,148557
Santiana,The Longest Johns,174500
Good Morning,Max Frost,153613
Raised on Rock,Scorpions,238720
Heartbreaker,Pat Benatar,209360
Big Gun,AC/DC's Greatest Tribute Band,263636
Girls On the Dance Floor,Far East Movement,234373
Похуисты,Noize MC,278760
Perfect Hell,World's First Cinema,193565
Василиса,Woodscream,260417
Viral,Amaranthe,181200
Burning Pipers Hut,Beltaine,288992
Savior - Radio Edit,Bassjackers,170170
Loreley,Blackmore's Night,216280
Красиво,"АнимациЯ, План Ломоносова",276000
Sun Doesn't Rise,Mushroomhead,193813
Luigi's Ballad,Starbomb,148417
Between Angels And Insects,Papa Roach,234466
"Плыли мы по морю, ветер мачту рвал",The Starkillers,189272
Ночная кобыла,Мельница,244173
Judgment Day,Five Finger Death Punch,292804
Dance Sucka!,zebrahead,167506
SHUM,Go_A,172675
My Town,Colt Ford,176631
For The Glory (feat. Hollywood Undead),All Good Things,281197
Don't Worry (with Ray Dalton) - Radio Edit,Various Artists,214120
Roundtable Rival,Lindsey Stirling,203280
The Future Is Now,The Offspring,248413
All Night Long,Rainbow,230533
Milkshake,Goodnight Nurse,148400
The Fox (feat. Rebecca Lynn Howard and Jenee Fleenor) - Bluegrass Tribute to Ylvis,Gwen Sebastian,210562
Butterfly,"Marnik, Hard Lights",170693
Parasite,Disturbed,204826
Hell Yeah,Various Artists,246836
Blinding Lights,The Bunny The Bear,195697
My Songs Know What You Did In The Dark (Light Em Up),Fall Out Boy,186826
bad guy,Billie Eilish,194087
Bring The Madness - Noisestorm Remix,"Pegboard Nerds, Excision",240000
Auld Tavern Song,Faolan,197459
Finish Line,Skillet,206060
Solovey,Go_A,176959
"Dragonborn (From ""The Elder Scrolls V: Skyrim"") - Epic Orchestral Symphonic Metal Cover","Jeremy Soule, Crowcovers",207428
Края Моей Раны,Павел Пиковский,175632
Waste My Hate,Icon For Hire,146550
Make It a Miracle - Harris & Ford Remix,"Marc Korn, Hard But Crazy, Harris & Ford",164531
Gimme Gimme Gimme (A Man After Midnight),Black-Ingvars,243959
Eye of the Tiger,Various Artists,245640
Pacific Rim (feat. Tom Morello),Ramin Djawadi,295426
Face of the Sun,Scott Stapp,189573
Scheiß Liebe,LaFee,223506
Blood Brothers,Papa Roach,213866
Пёс BOSS,Jesse Bravo,192250
Just to Get High,Nickelback,242080
Wonderful Life (Radio Edit) [New Version],Hurts,214546
Вне смерти,Plamenev,224001
Extatum Et Oratum,Powerwolf,236053
Gold Cobra,Limp Bizkit,233533
Hey Ya!,Outkast,235213
Carry On Wayward Son - Single Version,Various Artists,205200
Judas,Fozzy,250792
Come As You Are,Nirvana,218920
Певец и актриса,Noize MC,263546
I Am the One,"Vo Williams, DJ Ricky Luna",190967
Shotgun Blues,Volbeat,267826
Let It Die,Ozzy Osbourne,365813
Harder To Breathe,Letdown.,167196
Prism,Lindsey Stirling,212888
Танцующая мышь,Канцлер ГИ,206672
Highway to Hell,AC/DC's Greatest Tribute Band,215500
Луна,Вольный Путь,232310
Warrior,Disturbed,204826
Sovngarde Song,Miracle Of Sound,334988
Vato,Snoop Dogg,284653
Ragnarök,Peyton Parrish,184000
Warning (feat. Jacoby Shaddix),Skindred,230812
Lasso,Moonshine Bandits,180925
Rx (Medicate),Theory of a Deadman,233173
THE BADDEST,"K/DA, (G)I-DLE, Wolftyla",162600
Issues,Escape the Fate,161973
I'm A Dragon,Apashe,390620
Twin Skeleton's (Hotel In NYC),Fall Out Boy,220413
Stunting,DJ Kiss,120058
Blow Up,NEFFEX,240000
Old Town Road - Remix,Lil Nas X,157066
"Uragirino Yuuyake - Theatre Brook - From anime ""Durarara!!""",REI,207019
Can't Hold Us,Blind Channel,232902
Двери Тамерлана,Мельница,209320
Take A Look Around,Limp Bizkit,321040
Tri Martolod,Santiano,198066
Кури бамбук!,Noize MC,151173
The Fear,The Score,183853
PANIC!,Smith & Myers,183450
Sweet True Lies,Beast In Black,206563
Up Among the Heather,The Irish Rovers,160880
Drop,Vin Jay,154565
All We Are,Warlock,200426
Flat On the Floor,Nickelback,122226
All or Nothing,Theory of a Deadman,210560
13 карт - не причёсывай меня!,"Студия ""Феникс""",101886
Ride the Lightning,Warren Zeiders,214133
Ambulance,Theory of a Deadman,207916
One Punch Man - The Hero!! - Main Theme,Geek Music,223500
My Way,Limp Bizkit,272973
POWER,Kanye West,292093
Dragonborn,Jeremy Soule,235636
Ды-Ды-Дым,Kasta,246093
Wait and Bleed,Slipknot,147840
Травушка,Мельница,235386
Устрой дестрой,Noize MC,239506
Stayin' Alive,San Di Ego,280693
Evil,Hollywood Undead,163279
Eshu Tranka Ruas,"Канцлер ГИ, Bregan D'Ert",220120
The Rest Of My Life,Aranda,208720
Растворились в тишине,Сны Бенджамина,255493
Not Gonna Die,Skillet,225280
Still In Da Disco,HEDEGAARD,128113
Get Up,50 Cent,193613
Bad Mother F*cker,Machine Gun Kelly,213960
Animal,"Jim Yosef, RIELL",172503
Доска,Slot,195613
Long Live Rock N Roll,Rainbow,261733
"Whenever, Wherever",Shakira,196160
Черный октябрь,RADIO TAPOK,227386
Call Me,Shinedown,222200
Тор,HELVEGEN,180000
Kannibalen,Apashe,288000
What Goes Around,Bullet Method,217346
Leave It Alone,Disturbed,246826
Welcome To My World,Tommee Profitt,177000
The Look,Roxette,237320
Drank,"Meaux Green, Caked Up",201634
Bad Habits,Rain Paris,224761
The Devil & The Huntsman,Daniel Pemberton,258373
Берсерк,Сколот,292932
Angel,Theory of a Deadman,202213
Crystallize,Lindsey Stirling,258800
Капитан Америка - Не берёт трубу,Noize MC,190066
Faster,Samantha Fish,175773
Temptation,Arash,207546
Кицунэ,Мельница,258393
Blood for Blood (Faoladh),Powerwolf,191160
Lullaby,Nickelback,228106
Bodytalk (STFU),"Blasterjaxx, Raven & Kreyn",145821
MAYDAY (feat. Ryo from Crystal Lake),coldrain,227011
Jishu,"ksviety, Roce",144545
World War Me,Theory of a Deadman,194746
Bombshell,Powerman 5000,194173
They Don't Care About Us,Saliva,244040
I Miss the Misery,Ai Mori,184390
Алан,Woodscream,179076
Serpentine,Disturbed,249760
Angels & Demons,"Ghost Stories, D-Block & S-te-Fan",179200
Gonna Get Mine,Halestorm,177480
Песенка про паладина,Fun Mode,181044
Beast Unleashed,Vin Jay,120000
How Much Is the Fish?,Scooter,227000
Omen - Extended,The Prodigy,225373
Don't Speak (I Came To Make A Bang!),Eagles Of Death Metal,167840
Valhalla Calling,Peyton Parrish,212330
Outback,Moonshine Bandits,215233
Reckless,JAXSON GAMBLE,196800
Pain,Three Days Grace,202973
Somebody To Love - LIZOT Remix,"Basstrologe, LIZOT",124687
Papaoutai,Stromae,232146
Nancy Mulligan,Ed Sheeran,179786
Улетай на крыльях ветра,Kalevala,265874
The Only,Static-X,171106
Will The Sun Ever Rise,Five Finger Death Punch,236437
Love-Hate-Sex-Pain,Godsmack,315453
Run,Disturbed,193320
Enter Sandman,Jay Smith,334706
Enter Sandman,Various Artists,325854
Such a Shame,Black Stone Cherry,205493
Should I Stay or Should I Go - Remastered,The Clash,188986
The Witcher 3: Wild Hunt: The Wolven Storm (Priscilla's Song),Geek Music,198732
ULTRAnumb,Blue Stahli,265434
"I See Fire - From ""The Hobbit - The Desolation Of Smaug""",Howard Shore,300840
Holding on to Heaven,Nickelback,231893
I Own You,Shinedown,217426
Hell To Pay,Five Finger Death Punch,187670
Peek-A-Boo,Alice Goes to Motherland,220441
The Only,RADIO TAPOK,173280
Another Way to Die,Disturbed,253386
Staring at the Mirror,Black Stone Cherry,202293
Got Me Runnin’ Round,Nickelback,245466
Song 2,Blur,121880
Подобен богу,Блуждающие Огни,198106
Trava u Doma (Geoffrey Day Remix),Atomic Heart,234040
Toca Toca,Fly Project,165605
Песня о себе,Екатерина Яшникова,426315
The Baddest,RADIO TAPOK,152386
Barren King,Manntra,155101
damn! (with Chad Kroeger) [Remix],"Jeris Johnson, Ricky Desktop, Chad Kroeger",124125
Rollin' (Air Raid Vehicle),Limp Bizkit,213760
Иордан,Noize MC,221740
Valhalla Calling - Duet Version,Miracle Of Sound,240759
Узоры дорог,Дом Ветров,206538
Must Be Nice,Nickelback,222567
Back In '76,Thundermother,214000
"Брат мой, брат..",Канцлер ГИ,180660
Unforgettable,Godsmack,208418
Ain't Hearin' Nothin',Moonshine Bandits,194933
Here to Win,JAXSON GAMBLE,176333
Отражение,Дом Ветров,232650
Chain Breaker,Brothers of Metal,233301
Eyes on Fire - Zeds Dead Remix,"Blue Foundation, Zeds Dead",320000
Arrest The President,Ice Cube,233720
Whispers in the Dark - Radio Edit,Skillet,193266
Take It To The Edge,Godsmack,195811
The Chain,Various Artists,260000
Monster,Disturbed,243626
database,MAN WITH A MISSION,238013
I-E-A-I-A-I-O,System Of A Down,188600
Колдуньи,Блуждающие Огни,192680
Hymn for the Weekend,Coldplay,258266
Rockstar,Nickelback,252040
Pretty Fly (For A White Guy),The Offspring,188666
Legend,The Score,189120
Old Town Road - Remix,Tough Rhymes,157617
Come Out Swinging,The Offspring,167240
Someone Who Cares,Three Days Grace,292013
"Suerte (Whenever, Wherever)",Shakira,194106
Immortals,Fall Out Boy,189386
Metalingus,Alter Bridge,259959
White Trash Millionaire,Black Stone Cherry,198680
Yggdrasil,Brothers of Metal,272292
Mara,Teren,221631
Asylum,Disturbed,276226
N.i_T-R_(O),The Sidh,268986
AOW,Splasher!,169353
Just Stop,Disturbed,223453
Saints of Los Angeles,Mötley Crüe,202146
Eyes on Fire,Blue Foundation,302826
My Demons,STARSET,288036
Est-ce que tu m'aimes ? - Pilule bleue,GIMS,237093
Прощай,Мельница,233426
Granite,Pendulum,283466
Phenomenon,Thousand Foot Krutch,179226
Power Trip,Bullet Method,189600
Heartbeat,Dan Patlansky,164102
The Nexus,Amaranthe,196053
Assassin's Creed Rogue Main Theme,"Elitsa Alexandrova, Assassin's Creed",128120
Seven Nation Army,The White Stripes,232106
Лента в волосах,Мельница,185280
In The Arms Of Mara,Various Artists,389026
We Are Vikings,Peyton Parrish,239173
Dead,Venjent,209655
Head Above Water,Theory of a Deadman,212240
Touch off,UVERworld,260706
STARSTRUKK,3OH!3,185533
Unstoppable,Eva Under Fire,187823
Sonne,Rammstein,272440
Война,Дом Ветров,225000
Kecharitomene,Loreena McKennitt,395559
"We All Lift Together (From ""Warframe"")",Keith Power,152221
Cookie Thumper!,Die Antwoord,200225
Side of a Bullet,Nickelback,180560
Look At Me Now (feat. Lil' Wayne & Busta Rhymes),Chris Brown,222586
"Gimme!, Gimme!, Gimme! (Maqueta)",Various Artists,237266
Время зимы,Дом Ветров,170929
Black Betty,Midnight Riders,187160
Personal Jesus,RADIO TAPOK,204187
Символ мироздания,Plamenev,212933
Give In To Me,Three Days Grace,199000
Taking You Down,Egypt Central,178640
Full Throttle (Remix),Moonshine Bandits,233552
Hit That,The Offspring,169413
Антенны,Noize MC,233693
Сам,Noize MC,229560
Bad Moon,Hollywood Undead,232166
За Мазу-Рашу!,The Starkillers,291200
Rollin' (Urban Assault Vehicle),Limp Bizkit,382826
Way Out,Krizz Kaliko,207775
Immortals,Henry Jackman,195026
Apache,"BVRNOUT, 5oh8",234057
Last Resort - 2020,Papa Roach,202400
Shake Ya Tailfeather - Radio Edit,Various Artists,295561
She's Got The Look,Candlelight Red,175760
Es regnet Bier,Hämatom,189973
She's Crazy,Moonshine Bandits,190512
Русалка,Wallace Band,213916
Pure Grinding,Avicii,171960
Хэллоуин,Vere dictum,170594
God of the Mind,Disturbed,185640
Core (That's Who We Are),"VIZE, Papa Roach",178909
Time Lapse,TheFatRat,185314
Better Off,Theory of a Deadman,171386
Barrels of Whiskey,The O'Reillys and the Paddyhats,236226
Сага о наёмниках,Дом Ветров,203221
March of War,Ensiferum,92243
Iconic,JAXSON GAMBLE,163354
Jungle,X Ambassadors,189706
Dragonborn,Cernunnos,304750
Irresistible,Fall Out Boy,206506
Art of Darkness - Remix,Kyle Allen Music,270907
Tanz mit mir,Faun,182133
Down with the Sickness,Disturbed,279213
Bad Trip,Otherwise,172213
Indestructible,Disturbed,278026
Kingdom,JAXSON GAMBLE,202409
Ядрёная,Марлины,265541
A Place to Fall,Emphatic,232933
Cobrastyle,Teddybears,179853
Road to Galia,d3stra,206400
#НамМалоКача,Jah Khalib,291604
Rock You Like a Hurricane - 2011,Scorpions,255573
Can't Hold Us,Smokey Punch,244793
Þat Mælti Mín Móðir,HELVEGEN,159152
Unity,TheFatRat,249285
Песня предателя,Noize MC,237023
Yandere Song - Russian Version,MiatriSs,274177
Smack My Bitch Up,The Prodigy,343386
Rompe La Bocina (with El Micha & El Chacal),"Dj Yus, El Micha, El Chacal",189300
My Child,Disturbed,198053
Digital World,Amaranthe,197653
The Safety of Disbelief,Light The Torch,213226
Devils Got You Beat (Nu Disco),Various Artists,186042
Throw It Back (feat. Keith Urban),BRELAND,188936
Butterfly,Crazy Town,216733
It's A Raid (feat. Post Malone),Ozzy Osbourne,260016
Hero,Skillet,186813
Land of Confusion,Disturbed,287066
Trying Not to Love You,Nickelback,251880
The Riddle Anthem - Rework,"Mike Candys, Jack Holiday",173333
Космодесант,Fun Mode,221419
Rattle Them Lugz,Various Artists,175720
Animals,Nazareth,242186
Тебя ждала,Начало Века,196653
Vatt'ghern,Gilead,288705
Про лича,Fun Mode,114775
Savin' Me,Nickelback,219320
Shotgun,Limp Bizkit,272906
Ain't No Rest For The Wicked,Cage The Elephant,175493
My My (Rebel Remix) [feat. Moonshine Bandits & Dez],Burn County,301000
Щедрик,Grandma's Smuzi,101382
Поколено,Slot,211200
Shakin' Hands,Nickelback,219840
Warrior,JAXSON GAMBLE,168524
Рыцарь Смерти,Fun Mode,198993
Hard Rock Hallelujah - Eurovicious Radio Edit,Lordi,181413
Ostara,Moonloom,234592
Blinding Lights,Rising Insane,190666
You Spin Me Round (Like a Record) - Live,Dope,190487
Outlaws & Outsiders,Cory Marks,197234
Nine Thou - Grant Mohrman Superstars Remix Instrumental,"Styles Of Beyond, Grant Mohrman",243253
Beat It,Fall Out Boy,229400
again,YUI,254346
Rolling in the Deep,Adele,228093
Raiden,HEADLINK,170301
You Should See Me in a Crown,Emil Bulls,190133
Oh! MAJINAI,BABYMETAL,192612
Party in the Boondocks (feat. Nate Kenyon),The Lacs,236458
Wellerman,Peyton Parrish,135416
Nu Erismatimus (Symphonic Power Metal),RADIO TAPOK,230072
If Today Was Your Last Day,Nickelback,249066
If Everyone Cared,Nickelback,218013
"То ли байка, то ли ложь",Вольный Путь,213562
Devil A Pray,Easy Mccoy,148091
Apologize,Hollywood Undead,207226
Monster - Alternate Radio Version,Skillet,177786
2 Phút Hơn - KAIZ Remix,"Pháo, KAIZ",183832
Любовь во время зимы,Мельница,268024
GAZ,Kaito Shoma,148307
Lake Of Fire - Live,Nirvana,175973
Carol of the Bells,Grandma's Smuzi,101382
Flight,"Tristam, Braken",219428
I'm Trouble,WAR*HALL,204625
Trouble On the Rise,Blacktop Mojo,238760
Two-Lane Blacktop,Rob Zombie,182666
Uprising,Muse,304840
Eye Of The Storm,Watt White,199008
iDynamite,Tha Trickaz,240000
My Band,D12,298773
Itasha,HEADLINK,136126
We are the Hearts,EXGF,260227
Human,Hämatom,201320
Rock Ain't Dead,Onlap,229836
Livin' la Vida Loca (Metal Cover),Schrodinger,250932
Automatic,Amaranthe,204986
War,Edwin Starr,200266
Дорога сна,Мельница,193200
House of The Rising Sun,Five Finger Death Punch,247388
Cryin' Like A Bitch!!,Godsmack,201666
This Is My War,Five Finger Death Punch,175403
This Is the New Shit,Various Artists,260293
When We Stand Together,Nickelback,190786
The Look,Animal Drive,251381
Вопреки всему - Cover Version,Everblack Melodies,243697
Criminal,Disturbed,255933
Бес джиги,Мельница,253838
Шерлок,Vere dictum,209364
Cradle to the Grave,Five Finger Death Punch,198067
Venom of Venus,Powerwolf,208680
Carol of the Bells,Pentatonix,193880
Main Titles,Ramin Djawadi,111208
One Way Or Another - Remastered 2001,Blondie,215106
Teir Abhaile Riu,Celtic Woman,246880
Mad Love,Sean Paul,199944
Китобой,Дом Ветров,276999
Fake It,Seether,193893
Teeth,Dirty Land,201934
Jump the Gun,Halestorm,188066
Потерянный Рай,Aria,335440
My New Swag (feat. Ty. & Nina Wang),Various Artists,245266
Саламандра - Bonus Track,Хелависа,229507
Turn Your Back With Anti-Flag,Billy Talent,204293
This Means War,Nickelback,200666
Errtime,Various Artists,249506
Once Upon a Time,ODC,181481
Smack Down,Thousand Foot Krutch,201920
We Be Burnin',Sean Paul,213066
Leprechauns Dance,ebunny,102167
Step To Me,Thousand Foot Krutch,180533
Drunken Sailor,MALINDA,156734
We Are One,12 Stones,206706
Hey Brother,Avicii,255093
The Church - Of Booze and Kerosene,Motorjesus,239000
Geekin’,will.i.am,214186
Itsu No Ohabari,HEADLINK,150809
Тристан,Мельница,194360
Unbreakable,"Lucha, RYVN",149333
Слёзы и кровь,Канцлер ГИ,156288
Hey Hey Hey,Rea Garvey,175653
Heul doch - Single Version,LaFee,220240
Hellraiser,Ozzy Osbourne,292720
Nine Thou - Grant Mohrman Superstars Remix,"Styles Of Beyond, Grant Mohrman",243061
Forever,Papa Roach,246333
Make Me Wanna Die - Acoustic Version,The Pretty Reckless,213880
I WANNA BE YOUR SLAVE,Måneskin,173346
Dragostea Din Tei,Feuerschwanz,203343
Действуй!,Louna,225094
DLBM,"MiyaGi & Endspiel, NERAK",153600
CHAINSAW,FXCESPLIT,121025
Mandala,Fly Project,216009
Somebody to Love,Jefferson Airplane,174840
Break,Three Days Grace,193106
Façade,Disturbed,225120
Get Lucky,Halestorm,188573
Шей,Хелависа,245550
Bring It Back,Limp Bizkit,137546
Devils Got You Beat,Various Artists,213376
Шум - Radio Edit,Go_A,182555
Rawkfist,Thousand Foot Krutch,160480
Lift Me Up,Five Finger Death Punch,246209
Lift Me Up,Five Finger Death Punch,246209
Манки бизнес,Noize MC,238880
Средневековье,Марко Поло,221500
Марафон,Noize MC,187000
Scary Little Green Men,Ozzy Osbourne,260947
Venturing to the New World,Peter Crowley,235998
Avant qu'elle parte,Sexion d'Assaut,274146
Love is Gone,The Poodles,189609
Top Of The World,Five Finger Death Punch,162051
I'm America,Cilver,222173
Can't Get Enough,Blockheads,222820
Wellerman - Sea Shanty,Nathan Evans,155333
Shape of You,Fame on Fire,236250
My My (feat. Dez),Burn County,232000
Holy Diver,Dio,340640
The Good Life,Three Days Grace,173173
S.E.X.,Nickelback,233840
You Know You Like It,"DJ Snake, AlunaGeorge",247266
Nobody,Skindred,236013
Эпатаж,Марлины,236608
Blame It on the Boom Boom,Black Stone Cherry,189133
Medusa (Stone),Theory of a Deadman,219619
Because of You,Nickelback,210253
"Holiday (feat. John Gallagher Jr., Stark Sands, Theo Stockman, The American Idiot Broadway Company)",Green Day,247600
We Will Rock You,Nickelback,119786
Тень на стене,Канцлер ГИ,294345
Straight to the Heart,Battle Beast,211300
Культ,Strike,252517
Roses are Red,Pagefire,241285
Darkest Hour (The Clock),"D-Block & S-te-Fan, Sub Zero Project, Ghost Stories",241600
Boom,P.O.D.,190760
Get ‘Em Up,Nickelback,233173
+-0,Noize MC,175080
River Road,Burn County,229000
Keep The Faith,Bon Jovi,346533
Smells Like Teen Spirit,Fame on Fire,297931
City Never Sleeps,Josh Vietti,176000
You're Going Down,Sick Puppies,187346
Drengr of Ragnarok,Peyton Parrish,220000
Epic Sax,JR Serpent,117565
No Twerk (feat. Panther & Odalisk) - Original Mix,Apashe,295862
Boulevard of Broken Dreams,Green Day,262333
The Jolly Roving Tar,The Irish Rovers,148106
The Fox (What Does the Fox Say?),Ylvis,213708
Когда Я Пишу,"Kasta, Хамиль, Змей",246346
Razor Sharp,"Pegboard Nerds, Tristam",281454
Into the Night,Santana,222440
Шаман,Мельница,375413
Escape (The Pina Colada Song),Rupert Holmes,276493
Boomerang,Smash Into Pieces,168072
Кровь,Дом Ветров,271095
Come Out and Play,The Offspring,197800
Next Contestant,Nickelback,214706
Edge Of A Revolution,Nickelback,243053
Musica,Fly Project,219292
Мертвечина,Марлины,220444
Too Loud,Icon For Hire,170940
Faith,Limp Bizkit,146480
I Am the Fire,Halestorm,217173
Bottle and Mary Jane,Jelly Roll,172421
Ведьма,Мельница,294920
Женская сборная по баскетболу,Марлины,185007
Dehumanized,Disturbed,211866
Désolé,Sexion d'Assaut,204453
New Design,The Qemists,234250
Parasite Eve,Bring Me The Horizon,291812
Not Listening,Papa Roach,189826
Pirates of the Caribbean,2CELLOS,180320
Uma Thurman,Fall Out Boy,211573
What Happened,Dope D.O.D.,216929
It'll Be OK,Limp Bizkit,306226
...To Be Loved,Papa Roach,182120
Танцы троллей,Troll Bends Fir,169493
Cut 'em All (feat. Willie Robertson),Colt Ford,160278
Drunken Sailor,The Irish Rovers,176853
Cyberspace,Battle Beast,238960
Walk,Kwabs,214149
Defy You,The Offspring,228240
Legend - Stripped,The Score,188346
The Hanging Tree,The Hanging Tree,218519
Follow You Home,Nickelback,260333
Lights Out,Hollywood Undead,231293
Ebisu,HEADLINK,134850
ROGUE!,"Sinizter, MUPP",126198
Это не грех,Strike,203406
Last Resort,Papa Roach,199906
Падали звёзды,Luverance,114144
Самурай,Марко Поло,176500
Never Again,Disturbed,213706
Poison,Alice Cooper,270080
Man On Fire,Oh The Larceny,199333
Up In Flames,Icon For Hire,168386
Blow,Eva Under Fire,164990
The Game (Womanizer),Smash Into Pieces,184800
Do Ya Thing (feat. Young Dro),P$C,265693
Comin’ In Hot,Hollywood Undead,223333
Daddy Cool,The Carburetors,173753
Hail to the King,Avenged Sevenfold,305906
Fire,TheUnder,226032
Black Jack,Jesse Bravo,163715
Hot Stuff,Various Artists,270800
Tortuga,Alestorm,202558
Die MF Die,Dope,186066
Whiskey Fever,Dorothy,157380
Break Stuff,Limp Bizkit,166706
Inside the Fire,Disturbed,231573
Zvyozdnoe Leto (Geoffrey Day Remix),Atomic Heart,279473
Everything I Wanna Do,Nickelback,206946
Black Jack (feat. SMO),Jesse Bravo,197321
War of Change,RADIO TAPOK,215193
No Way But the Hard Way,Airbourne,214840
No One Like You,Scorpions,246533
Ten Thousand Fists,Disturbed,212040
Xenogenesis,TheFatRat,233379
Megalovania - 2022 8 Bit Version,8 Bit Universe,157598
Black Beatles,Fame on Fire,122465
Light It Up,NEFFEX,217411
Can't Hold Me Down,GRiZ,216837
Dark Horse,Katy Perry,215672
The Gipsy Dancer,The Rumpled,169893
Weight Beneath My Sin,Five Finger Death Punch,219563
Блюз лунных волков,Блуждающие Огни,173484
Bad Guy,KONG.,158551
Bad Girlfriend,Theory of a Deadman,205626
Surma,Korpiklaani,380253
(When You Gonna) Give It Up to Me (feat. Keyshia Cole) - Radio Version,Sean Paul,243880
ДЕЛАЙ КАЧ,Jesse Bravo,201500
The New Legends,Gold Coin,149538
Merry Christmas Trap,Rx Beats,196258
Единственный враг,Канцлер ГИ,264845
Move,Thousand Foot Krutch,208693
Forgotten,Avril Lavigne,197386
Carry on Wayward Son,Ai Mori,289075
Blame It On The Double (feat. Tyler Connolly of Theory of a Deadman & Jason Hook),Cory Marks,207229
Вечный бой,Вольный Путь,284538
Play That Funky Music,Wild Cherry,300000
Cherry Pie - Single Version,Warrant,192080
Animals,Nickelback,186600
Undead,Hollywood Undead,265053
Crazy Train - 2002 Version,Various Artists,290093
Little Smirk,Theory of a Deadman,211626
Glad You Came,The Wanted,197935
Remedy,Seether,207213
Reaper,Silverberg,214500
Smooth Criminal,Alien Ant Farm,209266
Белый Барс,Вольный Путь,262960
Demon Speeding,Rob Zombie,224306
Summer Jam,Kaan Pars,154761
I Miss the Misery,Halestorm,183506
World Keeps Spinning,Theory of a Deadman,214604
Tempest Of Blades,Battle Beast,212100
Radioactive,Imagine Dragons,186813
Born To Be Wild,Steppenwolf,210373
Ветер в ивах,Svarga,209475
Iridium,The Sidh,248341
GDFR,Various Artists,190185
Fear,Disturbed,225733
Devour,Shinedown,229973
Dernière danse,Indila,213493
New Bad Habit,Adam Jensen,126004
Do I,Emphatic,205693
"Die, Die, Crucified",Powerwolf,180653
Shipping up to Boston / Enter Sandman,Goddesses of Bagpipes,199796
The Witcher Suite: Toss a Coin to Your Witcher (feat. Lindsay Deutsch),"Sonya Belousova, Giona Ostinelli",197307
Kiss It Goodbye,Nickelback,215026
Немного огня,Хелависа,262316
Hells Bells,AC/DC,312293
Om Namah Shivaya,Хелависа,375736
The Rocky Road to Dublin,Various Artists,158506
I Can't Dance,Genesis,240653
Птица-весна,Дом Ветров,185188
Autotunage,Limp Bizkit,300213
Alestorm,Alestorm,236786
Lump Your Head,Hollywood Undead,217360
Испортить вам пати!,Noize MC,235453
Fire,Scooter,212133
After Dark - 2015 Remaster,Tito & Tarantula,224293
"Ever Fallen In Love - From the Motion Picture ""Shrek 2""",Pete Yorn,152399
Naranča,Manntra,172035
The Power - Extended Version,H-Blockx,246693
Crazy Train,Tobax,253793
Powersnake,Brothers of Metal,223467
Free,Powerman 5000,222813
Bird Dog,Shaman's Harvest,268428
Knight's Templar,Adriel Fair,94714
She Keeps Me Up,Nickelback,237666
Wish I Had an Angel,Nightwish,245973
Burn It Down,JAXSON GAMBLE,195750
Divide,Disturbed,216320
You Can't Save Me,Richie Kotzen,257706
Feel So Numb,Rob Zombie,233666
Devil on My Shoulder,Billy Talent,229533
Наше движение,Noize MC,165200
Пираты Карибского моря,Дом Ветров,278546
The Fall,Darkseed,227666
Wannabe,The Baseballs,166853
Dragula,Rob Zombie,222826
Painkiller,Three Days Grace,179160
Money (That's What I Want) - Single Version / Mono,Barrett Strong,158493
I Rule the Ruins,Doro,242920
Акатава,Марко Поло,237000
Ana,Genjutsu Beats,173507
Feel It Still,Portugal. The Man,163253
Stricken,Disturbed,245226
Let's Go,JAXSON GAMBLE,127333
Where The Hood At,DMX,286266
Darkness Settles In,Five Finger Death Punch,281803
Deceiver,Disturbed,229360
Livin' for the Weekend,Fitz and The Tantrums,175718
"You're Gonna Go Far, Kid",The Offspring,177826
Stay Too Long - Pendulum Remix,Plan B,426480
Ficken unsren Kopf,Hämatom,182294
Bangarang (feat. Sirah),Skrillex,215253
Колесо,Мельница,243420
Resistance,Aero Chord,179076
Зов крови,Мельница,239706
Do This Anymore,Nickelback,243840
Кто?,Strike,197032
Hot Dog,Limp Bizkit,230240
Кошка и дракон,Дом Ветров,316209
Изумрудный город,Марко Поло,207985
Ночь перед боем,Plamenev,240013
Ярость топора,Svaskalver,143020
Don't,Blind Channel,217141
Jekyll and Hyde,Five Finger Death Punch,206903
Hurricane,Theory of a Deadman,257453
Press Start,MDK,209771
Original Prankster,The Offspring,220946
Boom Tomorow,Da Gudda Jazz,182935
Ready Set Let's Go,Sam Tinnesz,216142
The End,Five Finger Death Punch,223199
My Generation,Limp Bizkit,221000
Prelude 12/21,AFI,94466
Decadence,RADIO TAPOK,198853
Night Riders,"Major Lazer, Diplo",233333
Ведьмы мы!,Марлины,156500
My Truck,BRELAND,158329
Echo (Ready for War),Autumn Kings,200131
Glory,Hollywood Undead,214013
No Brakes,The Offspring,124053
Тo Friends,Канцлер ГИ,225488
End Game,Ekoh,157560
Black Betty,Ram Jam,238973
Bitch Came Back,Theory of a Deadman,219360
Shadow on the Wall,Mystic Prophecy,194160
Nights Still Young (feat. Cymple Man & Wess Nyle),"Racket County, The Lacs, Hard Target",267793
If I Can't,50 Cent,196626
BLESSINGS,Rilès,207818
Cosby Sweater,Hilltop Hoods,217720
Everybody (Backstreet's Back),Punk Rock Factory,207913
American Idiot,Green Day,176346
Enemy feat. Tech N9ne,Prozak,223893
Tír na nÓg,Celtic Woman,188724
Dynamite,JAXSON GAMBLE,170624
Was wollen wir trinken,dArtagnan,176200
One Question,E-Dubble,221576
Bad To The Bone,George Thorogood & The Destroyers,292173
Berta Berta,Thomas Vent,321600
Дай мне уйти,4 Апреля,167039
Apologize,Timbaland,184400
Burn,Papa Roach,205746
Angel - Acoustic,Theory of a Deadman,202433
Че Гевара,Da Gudda Jazz,227994
Something in Your Mouth,Nickelback,219253
Before I Forget,Slipknot,278600
Crucified,Disturbed,276986
Баркас,KnyaZz,181267
The Witcher (feat. Keroby),Gilead,329250
Swamp Thing,Pegboard Nerds,263111
Чайлдфри,Noize MC,243692
Элвис,Da Gudda Jazz,215411
FREEDOM,Ado,186106
Irish Pub Song,The High Kings,180123
Ворожи,Мельница,220706
30/30-150,Stone Sour,258066
All I Want,The Offspring,114666
Бестиарий,Марлины,179333
Bumpy Ride,Mohombi,224720
Bad Medicine,Bon Jovi,316706
Hit Me More,Scott Stapp,205518
The Hills,Emil Bulls,242426
RAGE,"Hikigaya, THRILLMANE",90000
Samurai 45,MIYAVI,176253
Live To Win,Paul Stanley,187360
Sacrifice,Disturbed,240080
Old Town Road,Fame on Fire,58235
Gimme! Gimme! Gimme!,ZACHARY,168529
Teenage Mutant Ninja Turtles,Punk Rock Factory,108000
Gonna Be OK,Hollywood Undead,174937
Blame It On The Double (feat. Tyler Connolly) - Country Remix,Cory Marks,189327
Cake By The Ocean,DNCE,219146
ZITTI E BUONI,Måneskin,194786
Hero (feat. Josey Scott),Chad Kroeger,200480
One For the Money,Escape the Fate,199950
Ток,Noize MC,255693
Mz. Hyde,Halestorm,202306
"Out of Line (feat. Serj Tankian & Terry ""Geezer"" Butler)",Device,220840
Bonbon,Era Istrefi,167000
Карельский Робинзон,Infornal FuckЪ,190204
Welcome 2 Detroit,Trick Trick,285453
Again,Black Stone Cherry,235672
Crazy Train,Ozzy Osbourne,293183
Surfing Bird,The Switchblade 3,138558
Top Off The Tank,Moonshine Bandits,212188
Godzilla (feat. Juice WRLD),Eminem,210800
Song On Fire,Nickelback,230878
Throw It On Me,Timbaland,131133
Revolution,The Score,231986
Иди ко мне скорей,The Starkillers,211797
Cosby Sweater Restrung,Hilltop Hoods,226173
Белая кошка,Мельница,281973
"Последний министр (из ""Последний министр"")",Noize MC,231677
Blood Paved Road,Prozak,250093
I'm Dangerous,The EverLove,243329
"Have Love, Will Travel",The Basics,152953
Chemical Ride,3 Years Hollow,177986
Outlaws and Outsiders,Cory Marks,208143
Cry Me a River,Justin Timberlake,288333
California,Hollywood Undead,196786
Con Locura,Various Artists,227213
Sail Away - 2004 Remix,Deep Purple,336200
Jet Pack Blues,Fall Out Boy,179266
Radioactive,Pentatonix,226440
Hùg Air a' Bhonaid Mhòir / Da Thàbh Air an Fharaidh,"Хелависа, Лазерсон и друзья",313786
Drinkin with Jesus,Fozzy,236017
"The Chain (From ""Guardians of the Galaxy"")",Various Artists,260000
Hell Of A Ride,Saving Abel,224706
Never Gonna Find Me,The Offspring,158946
Nobody - Radio Dred-it,Skindred,196653
Black Betty,Various Artists,255224
Эгоизм,Noize MC,164666
99 Problems,Hugo,137426
El Diablo Rojo,Texas Hippie Coalition,185416
In Da Club,50 Cent,193466
Toss A Coin To Your Witcher,Sonya Belousova,190306
Dirty Harry,Various Artists,230426
HandClap,Fitz and The Tantrums,193253
Голубая трава,Мельница,254417
Potahat Tik (feat. 69 & Jah B),Zvika Brand,212404
The Phoenix,Fall Out Boy,244960
Rockstar Sea Shanty,"Nickelback, The Lottery Winners",162105
Дорога в огонь,Хелависа,261036
Старый дед,Jesse Bravo,208000
Best Laid Plans,Various Artists,238681
Тёмную сторону силы,Noize MC,132173
Власть,Рок-опера Орфей,290682
Hellp,Karandash,162142
Da Kapa Preta,"Канцлер ГИ, Bregan D'Ert",151492
I’m So Sorry,Imagine Dragons,230226
Волчонок,Марко Поло,238000
The Infection,Disturbed,248840
Sick,Adelitas Way,191653
Knuckle Up,Watt White,233163
Rolling in the Deep - Live,Various Artists,228138
Shape of You,Ed Sheeran,233712
I'm Shipping Up To Boston,Dropkick Murphys,153600
Haunted,Disturbed,282146
Tick Tick Boom Boom (feat. Splitbreed),Razihel,219680
Hard Rock Hallelujah,Lordi,247200
Stop Narcotics,Доктор Александров,261920
Ain't No Mountain High Enough,"Marvin Gaye, Tammi Terrell",151666
Оборотень,Мельница,351253
Sail,AWOLNATION,259093
Hypnodancer,Little Big,187842
The Pretender,Foo Fighters,269373
Lazare,Percival Schuttenbach,282066
Not Going Away,Ozzy Osbourne,272240
Love Is Hell,Theory of a Deadman,211386
Поверь,Хелависа,286510
Love Me Hate Me,Kissin' Dynamite,223253
Galvanize - Extended Version,The Chemical Brothers,454280
Eye of the Tiger,New Found Glory,204972
War,Black Stone Cherry,247453
I'm A Dragon feat. Sway - Owl Vision Remix,"Apashe, Sway",238139
Кури бамбук!,Noize MC,151173
Stronger,"TheFatRat, Slaydit, Anjulie",205500
Hùg Air A' Bhonaid Mhòir,Julie Fowlis,177586
Rock & Roll Queen,The Subways,171560
Ведьмы мы!,Марлины,156500
Digital World,Amaranthe,197666
Toss A Coin To Your Witcher,"Sonya Belousova, Giona Ostinelli",190306
Иордан,Noize MC,221740
+ - 0,Noize MC,175080
Rock You Like a Hurricane - 2015 - Remaster,Scorpions,253666
Наше движение,Noize MC,165200
"Erza's Theme - From ""Fairy Tail""",Gabriele Motta,175890
Певец и актриса,Noize MC,263546
Алан,Woodscream,179076
The Nexus,Amaranthe,196040
Колдуньи,Блуждающие Огни,192680
Top Off The Tank,Moonshine Bandits,212188
Monody (feat. Laura Brehm),TheFatRat,290467
Barrels of Whiskey,The O'Reillys and the Paddyhats,236226
Я так боюсь... (Песня оборотня),Марлины,227491
I Miss the Misery,Halestorm,183506
Похуисты,Noize MC,278760
Sand Storm feat. Odalisk - Original Mix,Apashe,261056
Addicted,Saving Abel,222826
Лига легенд,Noize MC,218482
Na Na Na (Na Na Na Na Na Na Na Na Na) - Single Version,Various Artists,203426
Бассейн,Noize MC,216720
чайлдфри,Noize MC,243692
Эпатаж,Марлины,236608
Устрой дестрой,Noize MC,239506
Unforgettable,Godsmack,208418
This Is The New Shit,Marilyn Manson,259666
Bludfire,"Eva Simons, Sidney Samson",190400
Elefante,NK,161916
Make Some Noize,Noize MC,213287
Fairy Tail Theme,Taryn Harbridge,162545
Freaks,"Timmy Trumpet, Savage",168750
Take It To The Edge,Godsmack,195811
Get Lucky,Halestorm,188573
Сам,Noize MC,229560
Тыщатыщ,Noize MC,211240
Берсерк,Сколот,292932
Эгоизм,Noize MC,164666
This Moment,Disturbed,185733
Кто главный растаман страны?,Марлины,176083
Ain't No Rest For The Wicked - Original Version,Cage The Elephant,175493
Black Betty - Edit,Spiderbait,205973
Женская сборная по баскетболу,Марлины,185007
Марафон,Noize MC,187000
X Gon´ Give It to Ya (Metal Version),Leo,250671
We Will Rock You - 2020 Remaster,Nickelback,120293
"Последний министр - из ""Последний министр""",Noize MC,231677
Испортить вам пати!,Noize MC,235453
Téir Abhaile Riu,Celtic Woman,244413
Come As You Are,Nirvana,218920
Vatt'ghern,Various Artists,276000
I Was Made for Lovin´ You (Metal Version),Leo,257397
Lasso,Moonshine Bandits,180925
Welcome To The Jungle,Guns N' Roses,272026
Live the Madness,Moonshine Bandits,196000
Da Kapa Preta,"Канцлер ГИ, Bregan D'Ert",151492
Tyr,Prima Nocta,238813
Василиса,Woodscream,260417
Quarantine,"Mat Best, Tim Montana",201080
Barren King,Manntra,155101
Тор,HELVEGEN,177272
Underwear,Royal Republic,121720
Ain’t Hearin’ Nothin’,Moonshine Bandits,194933
RATA-TATA,Royal Republic,191013
Up Among the Heather,The Irish Rovers,161173
Единственный враг,Канцлер ГИ,264845
Вперёд,Rusted,233421
Капитан Америка (Не берёт трубу),Noize MC,190066
Eshu Tranka Ruas,"Канцлер ГИ, Bregan D'Ert",220120
Om Namah Shivaya,Хелависа,379375
Naranca,Alina Gingertail,193703
Лишь собравшись вместе - Cover Version,Everblack Melodies,188936
Wish I Had An Angel,Nightwish,243213
Cowboy Up,Dry County,211920
Come with Me Now,KONGOS,211960
The Dragonborn Comes,Malukah,121000
Враги народа,Raskar,233239
Battle Royale feat. Panther - VIP Mix,"Apashe, Panther",216000
Skyrim (Main Theme),Peter Hollens,195653
Shot of Liberty,Moonshine Bandits,209000
Манки бизнес,Noize MC,238880
Right Round,Flo Rida,204640
Wellerman - Sea Shanty / 220 KID x Billen Ted Remix,"Nathan Evans, 220 KID",116750
Get Back,Ludacris,270746
Bad Guy,Ankor,194055
She's Crazy,Moonshine Bandits,190512
No Pulse (feat. Tom Morello),Ramin Djawadi,58346
Gimme! Gimme! Gimme! (Metal Version),Leo,245261
Wiggle (Metal Version),UMC,191981
Hot Stuff (Metal Version),Leo,209975
Горец,Мельница,204866
Outlaws & Outsiders,Cory Marks,197234
Beltaine,Beltaine,373185
Нананананана (Nananananana),Raskar,176523
Война перемен,Everblack Melodies,210000
Toca Toca - Radio Edit,Fly Project,165605
Samedy,"Канцлер ГИ, Bregan D'Ert",153673
Танцующая мышь,Канцлер ГИ,206672
Подобен богу,Блуждающие Огни,198106
Full Throttle (Remix),Moonshine Bandits,233552
Steel for Humans (Lazare),Alina Gingertail,154392
Ötzi,Prima Nocta,283346
Rockabye (feat. Sean Paul & Anne-Marie),Clean Bandit,251088
Love Bites (So Do I),Halestorm,191333
Around the World (La La La La La) - Radio Version,Naked 'Round the Block,228426
Song of Legba 2,"Канцлер ГИ, Bregan D'Ert",239990
Outback (Extended Remix),Moonshine Bandits,489360
Sun Is Up - Play & Win Radio Version,INNA,223961
Get the Party Started - Metal Version,Leo,204143
Toss a Coin to Your Witcher (Metal Version),Dan Vasc,188000
Road to Lisdoonvarna,Celtica,122586
Тo Friends,Канцлер ГИ,225488
"Flotsam Tavern (From ""The Witcher 2"")",Alina Gingertail,104909
I Wanna Rock,Twisted Sister,179760
Cherry Pie,Warrant,201026
"The Chain (From ""Guardians of the Galaxy 2"")",Various Artists,260000
"Natsu Theme (From ""Fairy Tail"")",Alina Gingertail,114523
Slavovitch,Prima Nocta,144053
When We Stand Together,Various Artists,190693
Get the Party Started - Metal Version,Leo,204143
Wish I Had an Angel - Remastered,Nightwish,245951
Na Na Na (Na Na Na Na Na Na Na Na Na) - Single Version,Various Artists,203426
Scheiß Liebe,LaFee,222160
Fairy Tail Theme,Taryn Harbridge,162545
Василиск,Марлины,124675
Мертвечина,Марлины,220444
Death by Rock and Roll,The Pretty Reckless,234476
Na Na Na (Na Na Na Na Na Na Na Na Na),My Chemical Romance,206226
Ain't No Rest for the Wicked,Various Artists,177333
Sail,AWOLNATION,259092
We Will Rock You,Various Artists,119786
Self Esteem,The Offspring,257760
Smooth Criminal,Alien Ant Farm,210066
